,R_ns,Z_ns,Dm_ns,Nw_ns,dBNw_ns,AOD,AOD_merra2,lat,lon
R_ns,1.0,0.5579985733815491,0.4595221731779393,0.5854465286402012,0.5854465286401973,0.04071490912303944,0.11566988628224686,-0.12127834367526134,0.0043664038226199145
Z_ns,0.5579985733815491,1.0,0.9305586312517261,0.599794737306997,0.5997947373069997,0.09579150420099737,0.11960792502723223,-0.19784022013565625,0.0015605123098236715
Dm_ns,0.4595221731779393,0.9305586312517261,1.0,0.2916585254402711,0.2916585254402676,0.07158828027966199,0.1430273755245438,-0.1685626167537871,-0.02187687115586325
Nw_ns,0.5854465286402012,0.599794737306997,0.2916585254402711,1.0,0.9999999999999942,0.10971063331661482,0.05746860251249139,-0.18996629261773768,0.040513705955820656
dBNw_ns,0.5854465286401973,0.5997947373069997,0.2916585254402676,0.9999999999999942,1.0,0.10971063331663085,0.05746860251248492,-0.189966292617753,0.04051370595583101
AOD,0.04071490912303944,0.09579150420099737,0.07158828027966199,0.10971063331661482,0.10971063331663085,1.0,0.08333846057477849,-0.38072110470043863,0.034572545325846915
AOD_merra2,0.11566988628224686,0.11960792502723223,0.1430273755245438,0.05746860251249139,0.05746860251248492,0.08333846057477849,1.0,-0.10081711916018339,-0.27290990325007985
lat,-0.12127834367526134,-0.19784022013565625,-0.1685626167537871,-0.18996629261773768,-0.189966292617753,-0.38072110470043863,-0.10081711916018339,1.0,0.08616216624859242
lon,0.0043664038226199145,0.0015605123098236715,-0.02187687115586325,0.040513705955820656,0.04051370595583101,0.034572545325846915,-0.27290990325007985,0.08616216624859242,1.0
